"Country Code","Country.x","GDP per capita (current US$)","Health expenditure per capita (current US $)","Poverty head count ratio at $1.90 a day (% of population)","Poverty head count ratio at $3.20 a day (% of population)","Poverty headcount ratio at $5.50 a day (% of population)","Gini index (World Bank estimate)","Adult Literacy rate (% of people ages 15 and above)","Gender Parity Index (GPI)","Education, at least completed primary, population 25+ years, total (%) (cumulative)","Education, at least completed upper secondary, population 25+, total (%) (cumulative)","Education, at least Bachelor's or equivalent, population 25+, total (%) (cumulative)","Nurses and midwives (per 1,000 people)","Physicians (per 1,000 people)","Hospital beds (per 1,000 people)","Refugee population by country or territory of asylum","Gender Inequality Index (GII)","DTP (Child Vax)","MEASLES (Child Vax)","CPI score 2020 (Corruption Index)","ethnicFractionalization","linguisticFractionalization","religiousFractionalization","stringency_index","Flu Vax Value","Government Effectiveness Index Rank","total_vaccinations","people_vaccinated","people_fully_vaccinated","total_boosters","new_vaccinations","new_vaccinations_smoothed","total_vaccinations_per_hundred","people_vaccinated_per_hundred","people_fully_vaccinated_per_hundred","total_boosters_per_hundred","new_vaccinations_smoothed_per_million","new_people_vaccinated_smoothed","new_people_vaccinated_smoothed_per_hundred","population","population_density","aged_65_older","cum_first_doses","cum_second_doses","cum_additional1_doses","cum_unknown_doses","total_population","percent_atleast_onedose_total_pop","percent_fully_vaccinated_total_pop","percent_boosted_total_pop","total_doses_received","total_doses_exported","available_doses","percent_doses_utilised","unknown_dose_hcw","hcw_population","percent_atleast_onedose_hcw","percent_fully_vaccinated_hcw","percent_boosted_hcw","unknown_dose_ltcf","ltcf_population","percent_atleast_onedose_ltcf","percent_fully_vaccinated_ltcf","percent_boosted_ltcf","unknown_dose_above60","above60_population","percent_atleast_onedose_above60","percent_fully_vaccinated_above60","percent_boosted_above60"
"ALB","Albania",5246.29230634793,274.91409302,1.3,8.2,33.8,33.2,98.1411514282227,1.02399003505707,95.5083923339844,45.2791481018066,12.8996601104736,5.088,1.6471,2.89,115,0.181,NA,NA,36,0.2204,0.0399,0.4719,46.3,NA,"48.076923370361328",2356290,1155638,1049525,TRUE,11284,5901,82.02,40.23,36.53,TRUE,2054,2002,0.07,2872934,104.871,13.188,NA,NA,NA,NA,NA,NA,NA,NA,NA,NA,NA,NA,NA,NA,NA,NA,NA,NA,NA,NA,NA,NA,NA,NA,NA,NA,NA
"AND","Andorra",40897.3308728669,2821.80126953,NA,NA,NA,NA,100,NA,96.5188369750977,47.3496894836426,21.0465507507324,4.0128,3.3333,2.5,NA,NA,NA,NA,NA,0.7139,0.6848,0.2326,59.26,NA,"96.634613037109375",135421,57643,53046,TRUE,NA,650,175.07,74.52,68.58,TRUE,8403,28,0.036,77354,163.755,NA,NA,NA,NA,NA,NA,NA,NA,NA,NA,NA,NA,NA,NA,NA,NA,NA,NA,NA,NA,NA,NA,NA,NA,NA,NA,NA,NA
"ARM","Armenia",4266.01807420946,422.28268433,1.1,9.8,44,29.9,99.7886123657227,1.03190994262695,99.3389282226563,89.880859375,24.2097206115723,4.3683,4.4023,4.2,107930,0.245,NA,NA,49,0.1272,0.1291,0.4576,NA,NA,"48.557693481445313",1660256,944784,714685,TRUE,NA,6690,55.94,31.83,24.08,FALSE,2254,2337,0.079,2968128,102.931,11.232,NA,NA,NA,NA,NA,NA,NA,NA,NA,NA,NA,NA,NA,NA,NA,NA,NA,NA,NA,NA,NA,NA,NA,NA,NA,NA,NA
"AUT","Austria",48586.8013213238,5326.43701172,0.6,0.7,1,30.8,98,0.980939984321594,NA,80.6740493774414,15.3636302947998,7.0891,5.2114,7.27,141866,0.069,85,94,76,0.1068,0.1522,0.4146,62.5,NA,"94.711540222167969",16479582,6633718,6496224,TRUE,8851,32325,182.23,73.36,71.84,TRUE,3575,3258,0.036,9043072,106.749,19.202,6632141,5905855,3954408,0,8901064,0.745095305460111,0.702321317990748,0.444262393799213,26283043,3311950,22971093,0.71796339860711,NA,NA,NA,NA,NA,NA,NA,NA,NA,NA,0,2259262,0.935621012525329,0.90752732529472,0.745662079032888
"AZE","Azerbaijan",4221.40747847848,165.7674408,0,0,7,26.6,99.7959823608398,1.00514996051788,98.5110015869141,88.4195785522461,15.7220296859741,6.4338,3.446,4.82,1582,0.323,NA,NA,30,0.2047,0.2054,0.4899,52.78,NA,"44.711540222167969",11346166,5169382,4676520,TRUE,28059,24144,110.98,50.56,45.74,TRUE,2362,2293,0.022,10223344,119.309,6.018,NA,NA,NA,NA,NA,NA,NA,NA,NA,NA,NA,NA,NA,NA,NA,NA,NA,NA,NA,NA,NA,NA,NA,NA,NA,NA,NA
"BEL","Belgium",45159.3482229717,4912.70068359,0.1,0.1,0.2,27.2,99,1.0791300535202,96.7423629760742,71.4462585449219,35.3040084838867,11.808,5.9556,5.58,65033,0.043,98,96,76,0.5554,0.5409,0.2127,48.15,59.1,"83.653846740722656",21677090,8918608,8808458,TRUE,5166,45802,186.35,76.67,75.72,TRUE,3937,959,0.008,11632334,375.564,18.571,8909462,8377379,4372829,0,11522440,0.773227024831546,0.763683386504942,0.379505469327677,23426525,2457150,20969375,1.03291919763941,0,522231,0.840166516350044,0.840746719363653,0,0,NA,NA,NA,NA,0,2928626,0.947513612185373,0.940152139604033,0.808252060864037
"BGR","Bulgaria",10079.2033812203,689.90539551,0.9,2.2,6.9,41.3,98.3524475097656,0.985469996929169,96.9907836914063,77.7781982421875,26.0534706115723,4.7853,4.2071,7.45,21168,0.206,NA,NA,44,0.4021,0.3031,0.5965,50,NA,"50.480770111083984",3700660,NA,1914910,TRUE,3592,6748,53.66,NA,27.77,TRUE,978,NA,NA,6896655,65.18,20.801,1978729,1452893,275060,0,6951482,0.284648510921844,0.276011072171373,0.0395685409240792,8305070,0,8305070,0.446315563866409,0,243600,0.289076354679803,0.283362068965517,0.0969334975369458,0,15000,0.432733333333333,0.401066666666667,0.0579333333333333,0,1978904,0.367810161584392,0.357714674385417,0.0885550789730073
"BIH","Bosnia and Herzegovina",6079.73828544838,539.54663086,0.1,0.7,3.8,33,96.9917678833008,NA,91.4224395751953,69.086181640625,10.5902099609375,5.7333,2.1616,3.49,5257,0.149,NA,NA,35,0.63,0.6751,0.6851,35.19,NA,"15.384614944458008",1553874,833233,720631,NA,NA,13791,47.61,25.53,22.08,NA,4226,5949,0.182,3263459,68.496,16.569,NA,NA,NA,NA,NA,NA,NA,NA,NA,NA,NA,NA,NA,NA,NA,NA,NA,NA,NA,NA,NA,NA,NA,NA,NA,NA,NA
"BLR","Belarus",6424.15217642722,356.25073242,0,0,0.2,25.3,99.8740005493164,0.99057000875473,99.7885513305664,94.7378082275391,28.303539276123,11.0027,5.1905,10.83,2915,0.118,NA,NA,47,0.3222,0.4666,0.6116,19.44,NA,"23.076923370361328",8651776,4905934,3570521,TRUE,NA,67398,91.62,51.95,37.81,TRUE,7137,39278,0.416,9442867,46.858,14.799,NA,NA,NA,NA,NA,NA,NA,NA,NA,NA,NA,NA,NA,NA,NA,NA,NA,NA,NA,NA,NA,NA,NA,NA,NA,NA,NA
"CHE","Switzerland",87097.0364503764,9870.6640625,0,0,0.1,33.1,99,0.968580007553101,NA,86.6450271606445,NA,17.8949,4.3328,4.63,115868,0.025,95.9,96,85,0.5314,0.5441,0.6083,50,NA,"99.519233703613281",13852541,5975987,5830314,TRUE,18595,43963,158.94,68.57,66.9,TRUE,5044,1757,0.02,8715494,214.243,18.436,NA,NA,NA,NA,NA,NA,NA,NA,NA,NA,NA,NA,NA,NA,NA,NA,NA,NA,NA,NA,NA,NA,NA,NA,NA,NA,NA
"CYP","Cyprus",26623.8008913181,1954.40686035,0,0.1,0.1,32.7,98.6784286499023,0.981190025806427,95.987190246582,74.4701614379883,29.795259475708,4.0345,1.9509,3.4,14037,0.086,NA,NA,57,0.0939,0.3962,0.3962,46.3,NA,"77.403846740722656",1595454,650349,616931,TRUE,6882,3393,178.06,72.58,68.85,TRUE,3787,526,0.059,896005,127.657,13.416,640689,605283,295948,0,888005,0.721492559163518,0.707068090832822,0.333272898238186,2021768,90600,1931168,0.798439079355085,0,NA,NA,NA,NA,0,NA,NA,NA,NA,0,194673,0.944085723238456,0.93657569359901,0.712856944722689
"CZE","Czech Republic",22932.2249686565,1765.58837891,0,0,0.2,25,99,1.00761997699738,99.8614807128906,90.6672668457031,20.9109001159668,8.4246,4.1157,6.62,1959,0.136,96,96,54,0.3222,0.3233,0.6591,37.96,21.5,"78.846153259277344",15487862,6826306,6656111,TRUE,10932,38319,144.41,63.65,62.06,TRUE,3573,2603,0.024,10724553,137.176,19.027,6823475,6250263,2422477,0,10693939,0.638069377429589,0.622264256416649,0.226528036114663,20526970,3656090,16870880,0.918518476807375,0,354319,1,1,0.579031889342654,0,180174,0.682012943043946,0.668226270161067,0.441195733013642,0,2783197,0.86286130661969,0.851054380987045,0.57623876427001
"DEU","Germany",46208.4294717472,5472.20214844,0,0.2,0.5,31.9,99,0.965369999408722,100,83.4613037109375,25.1498794555664,13.4858,4.2996,8,1210636,0.084,93,97,80,0.1682,0.1642,0.6571,84.26,38,"88.942306518554688",150134376,61779290,59255828,TRUE,124477,400424,178.94,73.63,70.63,TRUE,4773,37526,0.045,83900471,237.016,21.453,61781113,55683939,32760750,0,83166711,0.742858678155494,0.712573267445914,0.393916623683724,188817065,17241180,171575885,0.87556477998059,NA,NA,NA,NA,NA,NA,NA,NA,NA,NA,NA,23738453,0.895886644340303,0.885472949732655,0.633461750856301
"DNK","Denmark",61063.3164304238,6216.76855469,0.2,0.2,0.3,28.2,99,0.995649993419647,100,79.3219375610352,33.0904998779297,10.5515,4.2247,2.6,36718,0.038,96,94,88,0.0819,0.1049,0.2333,38.89,45,"98.076919555664063",12123040,4803856,4558812,TRUE,5528,58398,208.54,82.64,78.42,TRUE,10046,3176,0.055,5813302,136.52,19.677,4806690,4535662,2847435,0,5822763,0.825499852904884,0.787007130463665,0.48901784256031,9210270,0,9210270,1.32349941966956,0,299619,1,0.995641130902913,0.899151922942137,0,42302,0.96446976502293,0.958016169448253,0.909365987423763,0,1500362,0.998148446841496,0.994845244014445,0.931091296633746
"ESP","Spain",27063.1939180299,2736.32324219,0.9,1.3,2.4,34.7,98.5944595336914,1.02180004119873,93.2168121337891,53.2567481994629,23.578010559082,6.0795,4.0299,2.97,103679,0.07,93.4,97,62,0.4165,0.4132,0.4514,56.02,54.3,"77.884613037109375",84250146,39807263,38016879,TRUE,256290,53399,180.23,85.16,81.33,TRUE,1142,39643,0.085,46745211,93.105,19.436,39800539,33626248,14271201,0,47332614,0.840869236590229,0.752305672363669,0.301508828563747,111243529,6885200,104358329,0.840354467538475,0,2180000,0.971842201834862,0.919124770642202,0,0,450000,1,1,0,0,12186161,1,0.981827747064888,0.820747649731527
"EST","Estonia",23027.0269956294,1552.96875,0.2,0.5,0.8,30.3,99.8857879638672,1.02198994159698,99.776496887207,85.7552032470703,30.8465099334717,6.6316,3.4629,4.57,297,0.086,91.9,87,75,0.5062,0.4944,0.4985,34.26,10.2,"88.461540222167969",1517742,842317,817238,NA,153,802,114.53,63.56,61.67,NA,605,415,0.031,1325188,31.033,19.452,838772,720007,292059,0,1328976,0.631141570652894,0.598675973080026,0.219762433633113,2269770,121350,2148420,0.86148797721116,0,16472,0.832078678970374,0.770155415250121,0,0,12571,0.862620316601702,0.778299260202052,0,0,352024,0.776822034861259,0.749460264072904,0.465621662159398
"FIN","Finland",48773.2811691347,4515.67724609,0.1,0.1,0.2,27.3,100,1.05174994468689,NA,77.4507217407227,25.9350891113281,14.8773,4.6404,3.61,23483,0.047,91,96,85,0.1315,0.1412,0.2531,33.33,49.6,"99.038459777832031",9616819,4278695,4091936,TRUE,71998,26306,173.33,77.12,73.75,TRUE,4741,59,0.001,5548361,18.136,21.228,4264237,4048478,1236482,0,5525292,0.771766813410042,0.732717474479177,0.223785819826355,10985165,0,10985165,0.869281162367611,NA,NA,NA,NA,NA,NA,NA,NA,NA,NA,0,1590893,0.945765680030021,0.931124846234159,0.575518906676942
"FRA","France",39030.3603713482,4690.07226563,0,0.1,0.1,32.4,99,0.998740017414093,97.6722869873047,72.1873474121094,19.7005405426025,11.4707,6.5344,5.91,436100,0.049,96.3,90,69,0.1032,0.1221,0.4029,72.22,51,"86.538459777832031",123971415,53052904,49536093,TRUE,153109,378608,183.87,78.69,73.47,TRUE,5615,19432,0.029,67422000,122.578,19.718,52966512,48590381,24876179,0,67320216,0.786784641332702,0.737556174804906,0.369520189893627,141518840,0,141518840,0.893400991698349,NA,NA,NA,NA,NA,NA,NA,NA,NA,NA,0,17845307,0.934835528466952,0.897405631631891,0.69686635259343
"GBR","United Kingdom",41124.5347686731,4315.42773438,0.3,0.5,0.9,35.1,99,1.01142001152039,100,79.9111328125,37.2764701843262,10.2922,5.8233,2.46,132349,0.118,94,92,77,0.1211,0.0532,0.6944,48.61,72,"89.423080444335938",133312817,51786768,47434251,TRUE,204514,274918,195.45,75.93,69.54,TRUE,4031,18043,0.026,68207114,272.898,18.517,NA,NA,NA,NA,NA,NA,NA,NA,NA,NA,NA,NA,NA,NA,NA,NA,NA,NA,NA,NA,NA,NA,NA,NA,NA,NA,NA
"GEO","Georgia",4266.69079450924,312.74691772,3.8,14.9,42,35.9,99.5584411621094,1.00706994533539,99.186897277832,92.1729507446289,33.6676902770996,5.2162,7.0784,2.89,1800,0.331,NA,NA,56,0.4923,0.4749,0.6543,46.3,NA,"75.480766296386719",2520230,1367568,1152662,TRUE,7800,10441,63.33,34.36,28.96,TRUE,2624,4934,0.124,3979773,65.032,14.864,NA,NA,NA,NA,NA,NA,NA,NA,NA,NA,NA,NA,NA,NA,NA,NA,NA,NA,NA,NA,NA,NA,NA,NA,NA,NA,NA
"GRC","Greece",17622.5410033504,1566.89990234,0.1,0.3,2.9,32.9,97.9359512329102,0.976090013980865,96.4685211181641,65.2687072753906,26.0435390472412,3.7019,6.2262,4.2,103136,0.116,99,97,50,0.1576,0.03,0.153,78.935,51,"69.230766296386719",17267126,7469043,7011834,TRUE,69117,65702,166.5,72.02,67.61,TRUE,6335,8316,0.08,10370747,83.479,20.396,7486647,6493693,3585622,0,10718565,0.698474749185175,0.658682575512674,0.334524444270292,23236580,0,23236580,0.755961591593944,0,274955,0.917321016166282,0.885912240184758,0.621167100070921,0,28997,0.876469979653068,0.864813601407042,0.615098113597958,0,3068849,0.87897123644728,0.836852839615113,0.636894483892821
"HRV","Croatia",14134.1626811193,1014.22235107,0.4,0.7,2.4,29.7,99.125358581543,1.03872001171112,96.9740219116211,70.7059707641602,NA,6.192,2.9996,5.54,966,0.116,NA,NA,47,0.369,0.0763,0.4447,40.74,NA,"68.75",4729751,2259393,1953540,TRUE,4722,11847,115.88,55.35,47.86,TRUE,2902,1120,0.027,4081657,73.726,19.724,2263163,1958706,523749,1517,4058165,0.557681365838994,0.529117224164123,0.129060548302004,5836040,489900,5346140,0.887955609093664,74,75575,0.792219649354945,0.760965927886206,0.303354283824016,0,NA,NA,NA,NA,1196,1149355,0.782179570280723,0.758450609254756,0.318878849441643
"HUN","Hungary",15980.740889649,1081.80285645,0.2,0.5,2,29.6,99.0999984741211,1.09373998641968,99.6724624633789,80.0114974975586,24.0824909210205,5.2593,3.4075,7.01,5898,0.233,99.9,100,44,0.1522,0.0297,0.5244,22.22,24.1,"72.115386962890625",15219498,6266483,5982104,TRUE,NA,10347,157.97,65.04,62.09,TRUE,1074,2526,0.026,9634162,108.043,18.577,6206325,5719457,3153416,0,9769526,0.635273911958472,0.607141636144886,0.322780859583157,29658916,0,29658916,0.508420402148211,0,172621,1,1,0.398653697985761,0,97994,0.739065657081046,0.70133885748107,0.404075759740392,0,2593613,0.826416277216377,0.811132192813654,0.611201054282192
"IRL","Ireland",85267.7647437582,5489.07080078,0.2,0.3,0.4,31.4,99,1.04007995128632,NA,70.7767715454102,31.1619205474854,13.0118,3.352,2.97,9070,0.093,94.5,92,72,0.1206,0.0312,0.155,52.78,68.5,"90.865386962890625",9762217,3901849,3846229,TRUE,21247,25187,195.91,78.3,77.19,TRUE,5055,528,0.011,4982904,69.874,13.928,3899789,3606579,2239097,0,4964440,0.785544593146458,0.774354207121045,0.451027104769118,11688160,835000,10853160,0.897938019894667,0,250000,1,1,1.013328,0,105000,0.462771428571429,0.44747619047619,0.331571428571429,0,973555,1,1,0.932356158614562
"ISL","Iceland",59270.1800510483,6530.93212891,0,0,0,26.1,99,0.987950026988983,NA,74.1449813842773,36.6183090209961,17.1888,4.1416,2.83,1510,0.058,91,93,75,0.0798,0.082,0.1913,37.96,49.4,"91.346153259277344",718540,288415,284101,TRUE,NA,395,194.84,78.21,77.04,TRUE,1071,62,0.017,368792,3.404,14.431,285858,227653,200214,0,364134,0.78503517935705,0.773896422745473,0.549836049366442,817960,100620,717340,0.994960548693785,0,22845,1,1,0.980564674983585,0,13972,0.520684225594045,0.51002004008016,0.379687947323218,0,72906,1,1,0.918922996735522
"ISR","Israel",44168.9436355026,3323.65063477,0.2,0.7,2.7,39,97.099998,1.01429998874664,95.6309967041016,81.4417495727539,33.2059211730957,6.6047,5.4667,2.98,1898,0.109,97.6,98,60,0.3436,0.5525,0.3469,56.48,58.2,"83.173080444335938",16749077,6569875,5927769,TRUE,15770,22931,180.27,70.71,63.8,TRUE,2468,8799,0.095,9291000,402.606,11.733,NA,NA,NA,NA,NA,NA,NA,NA,NA,NA,NA,NA,NA,NA,NA,NA,NA,NA,NA,NA,NA,NA,NA,NA,NA,NA,NA
"ITA","Italy",31714.2209467105,2988.99584961,1.4,1.8,3.1,35.9,99.15576171875,0.983399987220764,96.7274398803711,52.4560317993164,16.5459804534912,5.8867,8.013,3.14,128033,0.069,95.1,93,53,0.1145,0.1147,0.3027,76.85,52.7,"67.307693481445313",111149978,48328875,44692163,TRUE,280007,423709,184.12,80.06,74.03,TRUE,7019,38181,0.063,60367471,205.859,23.021,47989420,42834498,19174972,2658,59641488,0.804631500810308,0.742982183811376,0.321503916870753,118405647,0,118405647,0.929022819325501,4687684,NA,NA,NA,NA,1874948,NA,NA,NA,NA,1289,17752440,0.948476265797828,0.901117874500632,0.600374540063225
"KAZ","Kazakhstan",9122.23343021644,275.85461426,0,0.2,4.6,27.8,99.7816314697266,0.999840021133423,99.9406204223633,97.399787902832,34.0811004638672,7.2936,3.98,6.06,445,0.19,NA,NA,38,0.6171,0.6621,0.5898,71.3,NA,"60.096153259277344",17501273,8986163,8515110,NA,22884,19609,92.14,47.31,44.83,NA,1032,7870,0.041,18994958,6.681,6.991,NA,NA,NA,NA,NA,NA,NA,NA,NA,NA,NA,NA,NA,NA,NA,NA,NA,NA,NA,NA,NA,NA,NA,NA,NA,NA,NA
"KGZ","Kyrgyz Republic",1173.61130419926,85.73608398,0.6,9.7,52.6,29.7,99.5859985351563,0.998260021209717,97.9721069335938,88.3701934814453,16.2025909423828,5.6026,2.213,4.41,334,0.369,NA,NA,31,0.6752,0.5949,0.447,47.22,NA,"32.692306518554688",2255224,1231313,999356,NA,786,5138,34.02,18.58,15.08,NA,775,2521,0.038,6628347,32.333,4.489,NA,NA,NA,NA,NA,NA,NA,NA,NA,NA,NA,NA,NA,NA,NA,NA,NA,NA,NA,NA,NA,NA,NA,NA,NA,NA,NA
"LIE","Liechtenstein",175813.875592058,10231.675176,NA,NA,NA,NA,100,0.912980020046234,NA,NA,NA,NA,NA,NA,154,NA,NA,NA,NA,NA,NA,NA,NA,NA,NA,NA,NA,NA,NA,NA,NA,NA,NA,NA,NA,NA,NA,NA,NA,NA,NA,25168,23397,12139,0,38747,0.649547061708003,0.609363305546236,0.313288770743541,67800,0,67800,0.895339233038348,NA,NA,NA,NA,NA,NA,NA,NA,NA,NA,NA,NA,NA,NA,NA
"LTU","Lithuania",20233.6413480843,1249.25463867,0.9,1.3,2.4,35.7,99.8155975341797,0.976960003376007,99.2120971679688,89.8658065795898,38.103458404541,9.4452,5.0399,6.43,1915,0.124,92.3,92,60,0.3223,0.3219,0.4141,50,14.8,"82.692306518554688",4131169,1917643,1832005,TRUE,6950,12893,153.58,71.29,68.11,TRUE,4793,1156,0.043,2689862,45.135,19.002,1917232,1566564,632209,4300,2794090,0.686174031616734,0.657051132926999,0.226266512531808,4265653,0,4265653,0.965925967255189,NA,NA,NA,NA,NA,NA,NA,NA,NA,NA,2588,752684,0.796417885859139,0.774562764719324,0.421362749839242
"LUX","Luxembourg",116014.602496869,6227.08398438,0.3,0.4,0.6,35.4,100,0.992669999599457,95.0121765136719,69.071662902832,NA,12.1744,3.0073,4.26,5213,0.065,99,99,80,0.5302,0.644,0.0911,46.3,39.8,"97.115386962890625",1076365,464443,NA,TRUE,4034,4435,169.56,73.16,NA,TRUE,6986,444,0.07,634814,231.447,14.312,452976,392483,202462,0,626108,0.723479016399727,0.692139375315441,0.323365936867122,1300380,0,1300380,0.805857518571494,0,16477,0.8692116283304,0.844146385871214,0.572677064999697,0,6033,0.959058511519973,0.932537709265705,0.796452842698492,0,125262,0.913940380961505,0.901765898676374,0.736168989797385
"LVA","Latvia",17726.2529351368,1101.49255371,0.3,0.9,2.5,35.1,99.8893127441406,0.999930024147034,100,90.9270706176758,30.9353103637695,4.6174,3.3015,5.49,667,0.176,96,98,57,0.5867,0.5795,0.5556,35.19,7.7,"76.923080444335938",2555664,1314634,1262452,TRUE,82,6241,136.89,70.42,67.62,TRUE,3343,759,0.041,1866934,31.212,19.754,1260062,950687,254381,0,1907675,0.660522363610154,0.635306852582332,0.133346088825403,3849515,0,3849515,0.640374177006714,0,35684,0.779368904831297,0.741340656877032,0.0563838134738258,0,12293,0.964369966647686,0.920035792727569,0.316765638981534,0,523260,0.753942590681497,0.733512976340634,0.243190765584986
"MCO","Monaco",190512.737442436,2968.50048828,NA,NA,NA,NA,99,NA,NA,NA,NA,20.1609,7.5067,13.8,22,NA,NA,NA,NA,0.6838,0.7305,0.3047,40.74,NA,NA,49980,26672,23308,NA,NA,103,126.47,67.49,58.98,NA,2606,32,0.081,39520,19347.5,NA,NA,NA,NA,NA,NA,NA,NA,NA,NA,NA,NA,NA,NA,NA,NA,NA,NA,NA,NA,NA,NA,NA,NA,NA,NA,NA,NA
"MDA","Moldova",4547.05972064671,212.97038269,0,0.9,12.8,25.7,99.3598937988281,0.989619970321655,99.4189605712891,74.5440521240234,20.0525398254395,3.9329,2.5586,5.66,435,0.204,NA,NA,34,0.5535,0.5533,0.5603,27.78,NA,"36.057693481445313",1776513,NA,982152,TRUE,1469,4375,44.15,NA,24.41,TRUE,1087,NA,NA,4024025,123.655,10.864,NA,NA,NA,NA,NA,NA,NA,NA,NA,NA,NA,NA,NA,NA,NA,NA,NA,NA,NA,NA,NA,NA,NA,NA,NA,NA,NA
"MKD","North Macedonia",5917.26257545221,399.09707642,3.4,7.1,17.9,33,98.3635711669922,0.986109972000122,93.6417922973633,68.3028182983398,21.6756992340088,3.7917,2.8736,4.28,314,0.143,NA,NA,35,NA,NA,NA,NA,NA,"57.692306518554688",1788943,847017,825428,TRUE,NA,1716,85.9,40.67,39.63,TRUE,824,241,0.012,2082661,82.6,13.26,NA,NA,NA,NA,NA,NA,NA,NA,NA,NA,NA,NA,NA,NA,NA,NA,NA,NA,NA,NA,NA,NA,NA,NA,NA,NA,NA
"MLT","Malta",27884.6428274251,2753.51098633,0.1,0.2,0.3,28.7,94.5031890869141,1.00504994392395,98.9688034057617,48.2728614807129,21.8410091400146,9.4833,2.8598,4.49,9208,0.175,NA,NA,53,0.0414,0.0907,0.1223,43.52,NA,"81.730766296386719",1072274,444615,435874,TRUE,3509,5968,207.76,86.15,84.46,TRUE,11564,599,0.116,516100,1454.037,19.426,433206,391724,229734,0,514564,0.84188944426738,0.823190118236021,0.44646341368615,0,341380,NA,NA,0,12400,0.977822580645161,0.975887096774193,0.0604032258064516,0,4102,1,0.910287664553876,1,0,126158,1,0.990559457188605,0.852890819448628
"MNE","Montenegro",7677.15222569996,731.48168945,2.5,6,15.6,38.5,98.8471832275391,1.01189005374908,97.4874420166016,72.5558395385742,NA,5.2294,2.7557,3.86,176,0.109,NA,NA,45,NA,NA,NA,NA,NA,"53.365383148193359",634517,283884,272853,TRUE,1881,1631,101.03,45.2,43.44,TRUE,2597,211,0.034,628051,46.28,14.762,NA,NA,NA,NA,NA,NA,NA,NA,NA,NA,NA,NA,NA,NA,NA,NA,NA,NA,NA,NA,NA,NA,NA,NA,NA,NA,NA
"NLD","Netherlands",52397.1167129558,5306.53466797,0.1,0.2,0.3,28.1,99,1.00676000118256,98.5624618530273,72.9593505859375,34.7736282348633,11.4851,3.7066,3.17,78911,0.043,93.5,93,82,0.1054,0.5143,0.7222,63.89,60.3,"97.596153259277344",29454464,13325006,12248233,TRUE,NA,221465,171.52,77.59,71.32,TRUE,12896,1222,0.007,17173094,508.544,18.779,13324838,11380825,4747472,0,17407585,0.765461607684237,0.703607479153484,0.272724332525161,36508402,4229900,32278502,0.912469079265203,NA,NA,NA,NA,NA,NA,NA,NA,NA,NA,NA,NA,NA,NA,NA
"NOR","Norway",67389.912047247,8239.09570313,0.3,0.3,0.4,27.6,100,0.975560009479523,99.7143783569336,78.7484436035156,29.2899303436279,18.3493,4.885,3.53,49713,0.045,96,96,84,0.0586,0.0673,0.2048,51.85,38.2,"98.557693481445313",9769438,4286349,3922994,TRUE,678,16201,178.74,78.42,71.78,TRUE,2964,441,0.008,5465629,14.462,16.821,4285151,3921345,1558148,0,5367580,0.798339475145224,0.73174857198216,0.290288733470204,11918185,0,11918185,0.819306295379708,0,NA,NA,NA,NA,NA,NA,NA,NA,NA,0,1249039,0.992975399487126,0.988159697175188,0.816003343370383
"POL","Poland",15720.994663556,978.73565674,0.2,0.4,1.1,30.2,98.7427368164063,0.9792799949646,99.2915725708008,87.7777786254883,28.0126800537109,6.8926,2.3788,6.54,2811,0.115,95.2,93,56,0.1183,0.0468,0.1712,39.81,NA,"66.346153259277344",46987401,21673668,21046400,TRUE,25080,118782,124.32,57.34,55.68,TRUE,3143,21859,0.058,37797000,124.027,16.763,21792100,18484794,6930459,0,37958138,0.574108772142617,0.555754578899524,0.182581637697824,87413110,0,87413110,0.540048889691718,0,NA,NA,NA,NA,NA,NA,NA,NA,NA,0,9648534,0.761971715081276,0.756451394584918,0.437003383104625
"PRT","Portugal",22176.2967116929,2215.17358398,0.3,0.7,1.7,33.5,96.1375885009766,0.993099987506866,93.9047470092773,43.4513092041016,22.5076999664307,6.8987,5.3117,3.45,2445,0.075,99,99,61,0.0468,0.0198,0.1438,43.17125,NA,"81.25",19320364,9317536,9103550,TRUE,55968,46480,190.01,91.64,89.53,TRUE,4571,1851,0.018,10167923,112.371,21.502,9316126,7380124,3085368,4675,10295909,0.904837639882015,0.826539453680098,0.2996693152591,25912760,0,25912760,0.763573351507134,NA,NA,NA,NA,NA,NA,NA,NA,NA,NA,1810,2957186,1,1,0.789397758544779
"ROU","Romania",12896.0886211622,687.25439453,2.4,5.1,10.9,35.8,98.8444976806641,0.998179972171783,98.7381134033203,69.1821594238281,13.0140800476074,6.0922,2.9807,6.89,3631,0.276,NA,NA,44,0.3069,0.1723,0.2373,52.78,NA,NA,15850096,8029230,7817215,NA,8507,15073,82.86,41.98,40.87,NA,788,24525,0.128,19127772,85.129,17.85,7983877,5909682,1144949,0,19328838,0.413055197627504,0.405455154624401,0.059235273222322,23941325,252000,23689325,0.634822140352247,0,364023,0.96912557723001,0.931897160344264,0.118813921098392,0,NA,NA,NA,NA,0,4959074,0.46191063089601,0.455421717844904,0.100655888579198
"RUS","Russian Federation",10126.7217935297,609.00915527,0,0.4,3.7,37.5,99.7300567626953,0.979820013046265,99.3834991455078,84.987907409668,59.2608795166016,4.5333,4.4395,7.12,20325,0.225,96.9,98,30,0.2452,0.2485,0.4398,54.17,NA,"54.807693481445313",146364014,73824201,66773441,TRUE,360176,474568,100.31,50.6,45.76,TRUE,3252,179674,0.123,145912022,8.823,14.178,NA,NA,NA,NA,NA,NA,NA,NA,NA,NA,NA,NA,NA,NA,NA,NA,NA,NA,NA,NA,NA,NA,NA,NA,NA,NA,NA
"SMR","San Marino",47731.2085399347,3463.70068359,NA,NA,NA,NA,96,0.971610009670258,96.5969924926758,53.9379501342773,15.7600202560425,8.2067,6.1094,3.8,NA,NA,NA,NA,NA,0.2927,0,0.1975,37.96,NA,NA,56799,24369,21685,TRUE,NA,204,167.01,71.65,63.76,TRUE,5998,4,0.012,34010,556.667,NA,NA,NA,NA,NA,NA,NA,NA,NA,NA,NA,NA,NA,NA,NA,NA,NA,NA,NA,NA,NA,NA,NA,NA,NA,NA,NA,NA
"SRB","Serbia",7720.51057195234,617.08654785,5.4,8.9,19.3,36.2,99.4825286865234,1.00941002368927,98.5257797241211,73.6363830566406,15.5152702331543,6.0855,3.1131,5.61,26130,0.132,NA,NA,38,0.5736,0,0,28.7,NA,"54.326923370361328",8290461,3316151,3220977,TRUE,5576,10992,120.65,48.26,46.87,TRUE,1600,1400,0.02,6871547,80.291,17.366,NA,NA,NA,NA,NA,NA,NA,NA,NA,NA,NA,NA,NA,NA,NA,NA,NA,NA,NA,NA,NA,NA,NA,NA,NA,NA,NA
"SVK","Slovak Republic",19266.5135736247,1299.91137695,0.2,1,2.4,25,99.6,1.00722002983093,99.7565383911133,87.7003021240234,22.8579196929932,6.0156,3.517,5.7,1036,0.191,96.5,96,49,0.2539,0.2551,0.5655,65.625,12.5,"71.634613037109375",6430792,2763203,2637455,TRUE,NA,23604,118.01,50.71,48.4,TRUE,4332,2023,0.037,5449270,113.128,15.07,2746292,2453859,998672,0,5457873,0.503179901767593,0.480021063150425,0.182978240790872,7936758,1000700,6936058,0.893709798851163,NA,NA,NA,NA,NA,NA,NA,NA,NA,NA,0,1265088,0.725804054737694,0.696710426468356,0.463574075479334
"SVN","Slovenia",25517.33066526,2169.57910156,0,0,0.1,24.6,99.6999969482422,1.00929999351501,99.8007278442383,82.9429702758789,21.5090999603271,10.2248,3.1721,4.43,858,0.063,93,93,60,0.2216,0.2201,0.2868,59.26,12.9,"85.576919555664063",2761853,1250472,1189678,TRUE,1243,3841,132.86,60.16,57.23,TRUE,1848,320,0.015,2078723,102.619,19.062,1241441,1053782,467145,0,2095861,0.592329834850689,0.567836321206416,0.222889304204811,4525170,748000,3777170,0.73133271735188,0,43611,0.743596798972736,0.697576299557451,0.195271835087478,NA,NA,NA,NA,NA,0,568751,0.84989740677379,0.829704035685212,0.511148112267055
"SWE","Sweden",52274.4087868798,5981.70605469,0.7,0.9,1.2,30,99,1.05411005020142,100,77.2551116943359,25.07958984375,12.5813,4.331,2.14,248425,0.039,97,97,85,0.06,0.1968,0.2342,49.07,52.2,"95.673080444335938",17732677,7748156,7403236,TRUE,72056,24610,174.53,76.26,72.87,TRUE,2422,1925,0.019,10160159,24.718,19.985,7421715,7174210,2578795,0,10327589,0.718629972590892,0.694664553362842,0.249699615273226,21100005,0,21100005,0.813967579628536,0,123200,0.839285714285714,0.623376623376623,0,0,74894,0.944094319972227,0.895826100889257,0,0,2633757,0.948612951004971,0.93782304138157,0.763551838685194
"TJK","Tajikistan",859.137961121368,59.84311676,4.1,17.8,50.5,34,99.8000030517578,0.931699991226196,NA,80.6697616577148,12.0083703994751,4.7534,1.7229,4.67,5588,0.314,NA,NA,25,0.5107,0.5473,0.3386,29.63,NA,"24.519229888916016",6893099,3844805,3048294,TRUE,NA,42350,70.7,39.44,31.27,FALSE,4344,21513,0.221,9749625,64.281,3.466,NA,NA,NA,NA,NA,NA,NA,NA,NA,NA,NA,NA,NA,NA,NA,NA,NA,NA,NA,NA,NA,NA,NA,NA,NA,NA,NA
"TKM","Turkmenistan",7612.03518009452,460.17514038,NA,NA,NA,NA,99.6999969482422,0.982129991054535,NA,NA,NA,4.4273,2.2247,4.03,20,NA,NA,NA,19,0.3918,0.3984,0.2327,64.2214285714286,NA,"12.019230842590332",7580976,4374694,3206282,NA,NA,41369,123.91,71.51,52.41,NA,6762,23860,0.39,6117933,12.253,4.277,NA,NA,NA,NA,NA,NA,NA,NA,NA,NA,NA,NA,NA,NA,NA,NA,NA,NA,NA,NA,NA,NA,NA,NA,NA,NA,NA
"TUR","Turkey",8536.43331960632,389.86557007,0.4,2.2,10.2,41.9,96.7422103881836,0.970019996166229,91.03515625,42.1706085205078,NA,3.0027,1.8065,2.85,3652362,0.306,98,96,40,0.32,0.2216,0.0049,49.07,NA,"52.403846740722656",131646005,56914268,51604894,TRUE,511231,521613,154.8,66.92,60.68,TRUE,6134,19532,0.023,85042736,104.914,8.153,NA,NA,NA,NA,NA,NA,NA,NA,NA,NA,NA,NA,NA,NA,NA,NA,NA,NA,NA,NA,NA,NA,NA,NA,NA,NA,NA
"UKR","Ukraine",3726.92714937055,228.39007568,0,0.2,2.5,26.6,99.9743499755859,0.995869994163513,97.1825637817383,74.3192291259766,16.7468891143799,6.661,2.9923,7.46,2274,0.234,NA,NA,33,0.4737,0.4741,0.6157,51.85,NA,"38.942306518554688",28448050,14713309,13755421,NA,51431,71224,65.45,33.85,31.65,NA,1639,19820,0.046,43466822,77.39,16.462,NA,NA,NA,NA,NA,NA,NA,NA,NA,NA,NA,NA,NA,NA,NA,NA,NA,NA,NA,NA,NA,NA,NA,NA,NA,NA,NA
"UZB","Uzbekistan",1750.69711321291,82.26926422,61.6,86.2,96.4,35.3,99.9999465942383,0.991859972476959,99.990592956543,96.6762924194336,16.4321002960205,11.2804,2.3742,3.98,18,0.288,NA,NA,26,0.4125,0.412,0.2133,44.44,NA,"34.134616851806641",39355263,18856664,NA,TRUE,149647,136106,115.97,55.57,NA,FALSE,4011,22060,0.065,33935765,76.134,4.469,NA,NA,NA,NA,NA,NA,NA,NA,NA,NA,NA,NA,NA,NA,NA,NA,NA,NA,NA,NA,NA,NA,NA,NA,NA,NA,NA
"XKX","Kosovo",4346.63793069721,154.56378,0.4,3.6,24.4,29,91.900002,NA,NA,NA,NA,NA,NA,NA,NA,NA,NA,NA,NA,NA,NA,NA,NA,NA,NA,NA,NA,NA,NA,NA,NA,NA,NA,NA,NA,NA,NA,NA,NA,NA,NA,NA,NA,NA,NA,NA,NA,NA,NA,NA,NA,NA,NA,NA,NA,NA,NA,NA,NA,NA,NA,NA,NA,NA,NA,NA,NA,NA
